{
	"info": {
		"_postman_id": "3ee5777b-7754-44d9-a61b-4188b018fd71",
		"name": "pilipili",
		"schema": "https://schema.getpostman.com/json/collection/v2.1.0/collection.json"
	},
	"item": [
		{
			"name": "订阅相关",
			"item": [
				{
					"name": "推荐列表订阅后再次进入准备观看查看订阅状态",
					"item": [
						{
							"name": "前置",
							"item": [
								{
									"name": "/api/Explored/RegisterLogin",
									"event": [
										{
											"listen": "test",
											"script": {
												"exec": [
													"var data = JSON.parse(responseBody).data;",
													"pm.collectionVariables.set(\"accid\", data.accid);",
													"pm.collectionVariables.set(\"token\", data.token);",
													""
												],
												"type": "text/javascript"
											}
										},
										{
											"listen": "prerequest",
											"script": {
												"exec": [
													"uuid = require(\"uuid\");",
													"var Header = require('postman-collection').Header;",
													"pm.request.headers.clear()",
													"pm.collectionVariables.set(\"device-uniq\", uuid.v4());",
													"eval(globals.combineHeader)()",
													"console.log(\"device-uniq:\"+pm.collectionVariables.get(\"device-uniq\"))"
												],
												"type": "text/javascript"
											}
										}
									],
									"request": {
										"method": "POST",
										"header": [],
										"url": {
											"raw": "{{protocol}}://{{host}}:{{port}}/api/Explored/RegisterLogin",
											"protocol": "{{protocol}}",
											"host": [
												"{{host}}"
											],
											"port": "{{port}}",
											"path": [
												"api",
												"Explored",
												"RegisterLogin"
											]
										}
									},
									"response": []
								}
							]
						},
						{
							"name": "/api/video/RecommendVideo",
							"event": [
								{
									"listen": "test",
									"script": {
										"exec": [
											"var data = JSON.parse(responseBody).data;",
											"",
											"if(data.length > 0)",
											"{   ",
											"    random_int = (eval(globals.myRandom)(0,data.length))",
											"    // console.log(random_int)",
											"    var actor_id = data[random_int].actor_id;",
											"    var video_id = data[random_int].id;",
											"    pm.collectionVariables.set(\"actor_id\", actor_id);",
											"    pm.collectionVariables.set(\"video_id\", video_id);",
											"    console.log(\"actor_id:\"+actor_id);",
											"    console.log(\"video_id:\"+video_id);",
											"}"
										],
										"type": "text/javascript"
									}
								}
							],
							"request": {
								"method": "POST",
								"header": [
									{
										"key": "page",
										"value": "1",
										"type": "text"
									},
									{
										"key": "page_size",
										"value": "20",
										"type": "text"
									}
								],
								"body": {
									"mode": "urlencoded",
									"urlencoded": [
										{
											"key": "page",
											"value": "1",
											"type": "text"
										},
										{
											"key": "page_size",
											"value": "20",
											"type": "text"
										}
									]
								},
								"url": {
									"raw": "{{protocol}}://{{host}}:{{port}}/api/video/RecommendVideo",
									"protocol": "{{protocol}}",
									"host": [
										"{{host}}"
									],
									"port": "{{port}}",
									"path": [
										"api",
										"video",
										"RecommendVideo"
									]
								}
							},
							"response": []
						},
						{
							"name": "/api/video/likeActor",
							"event": [
								{
									"listen": "test",
									"script": {
										"exec": [
											"var data = JSON.parse(responseBody).data;",
											"// var price = data.price[\"thirty_days\"];",
											"var price = data.price.thirty_days;",
											"pm.collectionVariables.set(\"price\", price);",
											"var coin = data.coin;",
											"pm.collectionVariables.set(\"coin\", coin);",
											""
										],
										"type": "text/javascript"
									}
								}
							],
							"request": {
								"method": "POST",
								"header": [],
								"body": {
									"mode": "urlencoded",
									"urlencoded": [
										{
											"key": "actorId",
											"value": "{{actor_id}}",
											"type": "text"
										},
										{
											"key": "type",
											"value": "1",
											"type": "text"
										}
									]
								},
								"url": {
									"raw": "{{protocol}}://{{host}}:{{port}}/api/video/likeActor",
									"protocol": "{{protocol}}",
									"host": [
										"{{host}}"
									],
									"port": "{{port}}",
									"path": [
										"api",
										"video",
										"likeActor"
									]
								}
							},
							"response": []
						},
						{
							"name": "/api/video/likeActor",
							"event": [
								{
									"listen": "test",
									"script": {
										"exec": [
											"pm.test(\"得到正确的关注结果\", function () {",
											"    var coin = pm.collectionVariables.get(\"coin\");",
											"    var price = pm.collectionVariables.get(\"price\");",
											"    var code = JSON.parse(responseBody).code;",
											"    if (code == 200)",
											"    {",
											"        pm.collectionVariables.set(\"is_follow\", 1);",
											"    }",
											"    else",
											"    {",
											"        pm.collectionVariables.set(\"is_follow\", 0);",
											"    }",
											"",
											"    if (coin >= price)",
											"    {",
											"        pm.expect(code).to.eql(200);",
											"    }",
											"    else",
											"    {",
											"        pm.expect(code).to.not.eql(200);",
											"    }",
											"});",
											""
										],
										"type": "text/javascript"
									}
								}
							],
							"request": {
								"method": "POST",
								"header": [],
								"body": {
									"mode": "urlencoded",
									"urlencoded": [
										{
											"key": "actorId",
											"value": "{{actor_id}}",
											"type": "text"
										},
										{
											"key": "type",
											"value": "2",
											"type": "text"
										},
										{
											"key": "price",
											"value": "{{price}}",
											"type": "text"
										}
									]
								},
								"url": {
									"raw": "{{protocol}}://{{host}}:{{port}}/api/video/likeActor",
									"protocol": "{{protocol}}",
									"host": [
										"{{host}}"
									],
									"port": "{{port}}",
									"path": [
										"api",
										"video",
										"likeActor"
									]
								}
							},
							"response": []
						},
						{
							"name": "/api/Video/WatchPrepare",
							"event": [
								{
									"listen": "test",
									"script": {
										"exec": [
											"pm.test(\"得到正确的关注状态\", function () {",
											"    var is_follow = JSON.parse(responseBody).data.is_follow;",
											"    pm.expect(Number(is_follow)).to.eql(pm.collectionVariables.get(\"is_follow\"));",
											"});"
										],
										"type": "text/javascript"
									}
								}
							],
							"request": {
								"method": "GET",
								"header": [],
								"url": {
									"raw": "{{protocol}}://{{host}}:{{port}}/api/Video/WatchPrepare?video_id={{video_id}}",
									"protocol": "{{protocol}}",
									"host": [
										"{{host}}"
									],
									"port": "{{port}}",
									"path": [
										"api",
										"Video",
										"WatchPrepare"
									],
									"query": [
										{
											"key": "video_id",
											"value": "{{video_id}}"
										}
									]
								}
							},
							"response": []
						}
					]
				},
				{
					"name": "专区精选订阅后，再次进入专区查看订阅状态",
					"item": [
						{
							"name": "前置",
							"item": [
								{
									"name": "/api/Explored/RegisterLogin",
									"event": [
										{
											"listen": "test",
											"script": {
												"exec": [
													"var data = JSON.parse(responseBody).data;",
													"pm.collectionVariables.set(\"accid\", data.accid);",
													"pm.collectionVariables.set(\"token\", data.token);",
													""
												],
												"type": "text/javascript"
											}
										},
										{
											"listen": "prerequest",
											"script": {
												"exec": [
													"uuid = require(\"uuid\");",
													"var Header = require('postman-collection').Header;",
													"pm.request.headers.clear()",
													"pm.collectionVariables.set(\"device-uniq\", uuid.v4());",
													"eval(globals.combineHeader)()",
													"console.log(\"device-uniq:\"+pm.collectionVariables.get(\"device-uniq\"))"
												],
												"type": "text/javascript"
											}
										}
									],
									"request": {
										"method": "POST",
										"header": [],
										"url": {
											"raw": "{{protocol}}://{{host}}:{{port}}/api/Explored/RegisterLogin",
											"protocol": "{{protocol}}",
											"host": [
												"{{host}}"
											],
											"port": "{{port}}",
											"path": [
												"api",
												"Explored",
												"RegisterLogin"
											]
										}
									},
									"response": []
								}
							]
						},
						{
							"name": "/api/actor/getHotActor-专区热门演员-新",
							"event": [
								{
									"listen": "test",
									"script": {
										"exec": [
											"pm.test(\"Status code is 200\", function () {",
											"    pm.response.to.have.status(200);",
											"});",
											"var data = JSON.parse(responseBody).data;",
											"if(data.length > 0)",
											"{   ",
											"    random_int = (eval(globals.myRandom)(0,data.length))",
											"    // console.log(random_int)",
											"    var actor_id = data[random_int].actor_id;",
											"    var video_id = data[random_int].id;",
											"    pm.collectionVariables.set(\"actor_id\", actor_id);",
											"    pm.collectionVariables.set(\"video_id\", video_id);",
											"    console.log(\"actor_id:\"+actor_id);",
											"    console.log(\"video_id:\"+video_id);",
											"}",
											""
										],
										"type": "text/javascript"
									}
								}
							],
							"protocolProfileBehavior": {
								"disableBodyPruning": true
							},
							"request": {
								"method": "GET",
								"header": [],
								"body": {
									"mode": "urlencoded",
									"urlencoded": []
								},
								"url": {
									"raw": "{{protocol}}://{{host}}:{{port}}/api/actor/getHotActor",
									"protocol": "{{protocol}}",
									"host": [
										"{{host}}"
									],
									"port": "{{port}}",
									"path": [
										"api",
										"actor",
										"getHotActor"
									]
								}
							},
							"response": []
						},
						{
							"name": "/api/video/likeActor  1",
							"event": [
								{
									"listen": "test",
									"script": {
										"exec": [
											"actorId=pm.collectionVariables.get(\"actor_id\");",
											"console.log(`actorId:`+actorId)",
											"",
											"var data = JSON.parse(responseBody).data;",
											"// var price = data.price[\"thirty_days\"];",
											"var price = data.price.thirty_days;",
											"pm.collectionVariables.set(\"price\", price);",
											"var coin = data.coin;",
											"pm.collectionVariables.set(\"coin\", coin);"
										],
										"type": "text/javascript"
									}
								}
							],
							"request": {
								"method": "POST",
								"header": [],
								"body": {
									"mode": "urlencoded",
									"urlencoded": [
										{
											"key": "actorId",
											"value": "{{actor_id}}",
											"type": "text"
										},
										{
											"key": "type",
											"value": "1",
											"type": "text"
										}
									]
								},
								"url": {
									"raw": "{{protocol}}://{{host}}:{{port}}/api/video/likeActor",
									"protocol": "{{protocol}}",
									"host": [
										"{{host}}"
									],
									"port": "{{port}}",
									"path": [
										"api",
										"video",
										"likeActor"
									]
								}
							},
							"response": []
						},
						{
							"name": "/api/video/likeActor 2",
							"event": [
								{
									"listen": "test",
									"script": {
										"exec": [
											"pm.test(\"得到正确的关注结果\", function () {",
											"    var coin = pm.collectionVariables.get(\"coin\");",
											"    var price = pm.collectionVariables.get(\"price\");",
											"    var code = JSON.parse(responseBody).code;",
											"    if (code == 200)",
											"    {",
											"        pm.collectionVariables.set(\"is_follow\", 1);",
											"    }",
											"    else",
											"    {",
											"        pm.collectionVariables.set(\"is_follow\", 0);",
											"    }",
											"",
											"    if (coin >= price)",
											"    {",
											"        pm.expect(code).to.eql(200);",
											"    }",
											"    else",
											"    {",
											"        pm.expect(code).to.not.eql(200);",
											"    }",
											"});",
											""
										],
										"type": "text/javascript"
									}
								}
							],
							"request": {
								"method": "POST",
								"header": [],
								"body": {
									"mode": "urlencoded",
									"urlencoded": [
										{
											"key": "actorId",
											"value": "{{actor_id}}",
											"type": "text"
										},
										{
											"key": "type",
											"value": "2",
											"type": "text"
										},
										{
											"key": "price",
											"value": "{{price}}",
											"type": "text"
										}
									]
								},
								"url": {
									"raw": "{{protocol}}://{{host}}:{{port}}/api/video/likeActor",
									"protocol": "{{protocol}}",
									"host": [
										"{{host}}"
									],
									"port": "{{port}}",
									"path": [
										"api",
										"video",
										"likeActor"
									]
								}
							},
							"response": []
						},
						{
							"name": "/api/actor/getHotActor-专区热门演员-新",
							"event": [
								{
									"listen": "test",
									"script": {
										"exec": [
											"pm.test(\"Status code is 200\", function () {",
											"    pm.response.to.have.status(200);",
											"});",
											"var actor_id=pm.collectionVariables.get(\"actor_id\");",
											"var data = JSON.parse(responseBody).data;",
											"if(data.length > 0)",
											"{   ",
											"    for(var i=0;i<data.length;i++){",
											"        if(data[i].id==actor_id){",
											"            pm.expect(data[i].is_follow).to.eql(true);",
											"        }",
											"    }",
											"}",
											""
										],
										"type": "text/javascript"
									}
								}
							],
							"protocolProfileBehavior": {
								"disableBodyPruning": true
							},
							"request": {
								"method": "GET",
								"header": [],
								"body": {
									"mode": "urlencoded",
									"urlencoded": []
								},
								"url": {
									"raw": "{{protocol}}://{{host}}:{{port}}/api/actor/getHotActor",
									"protocol": "{{protocol}}",
									"host": [
										"{{host}}"
									],
									"port": "{{port}}",
									"path": [
										"api",
										"actor",
										"getHotActor"
									]
								}
							},
							"response": []
						}
					]
				},
				{
					"name": "演员详情订阅后，再次进入演员详情查看订阅状态",
					"item": [
						{
							"name": "前置",
							"item": [
								{
									"name": "/api/Explored/RegisterLogin",
									"event": [
										{
											"listen": "test",
											"script": {
												"exec": [
													"var data = JSON.parse(responseBody).data;",
													"pm.collectionVariables.set(\"accid\", data.accid);",
													"pm.collectionVariables.set(\"token\", data.token);",
													""
												],
												"type": "text/javascript"
											}
										},
										{
											"listen": "prerequest",
											"script": {
												"exec": [
													"uuid = require(\"uuid\");",
													"var Header = require('postman-collection').Header;",
													"pm.request.headers.clear()",
													"pm.collectionVariables.set(\"device-uniq\", uuid.v4());",
													"eval(globals.combineHeader)()",
													"console.log(\"device-uniq:\"+pm.collectionVariables.get(\"device-uniq\"))"
												],
												"type": "text/javascript"
											}
										}
									],
									"request": {
										"method": "POST",
										"header": [],
										"url": {
											"raw": "{{protocol}}://{{host}}:{{port}}/api/Explored/RegisterLogin",
											"protocol": "{{protocol}}",
											"host": [
												"{{host}}"
											],
											"port": "{{port}}",
											"path": [
												"api",
												"Explored",
												"RegisterLogin"
											]
										}
									},
									"response": []
								},
								{
									"name": "随机获取一个演员id",
									"event": [
										{
											"listen": "test",
											"script": {
												"exec": [
													"var data = JSON.parse(responseBody);",
													"var data_len = data.length",
													"if(data_len > 0)",
													"{",
													"    random_int = (eval(globals.myRandom)(0,data.length))",
													"    var actor_id = data[random_int].id;",
													"    pm.collectionVariables.set(\"actor_id\",actor_id);",
													"    console.log(\"actor_id:\"+actor_id );",
													"}",
													""
												],
												"type": "text/javascript"
											}
										}
									],
									"request": {
										"method": "GET",
										"header": [],
										"url": {
											"raw": "http://localhost:3000/api/mzfk_mv_actors",
											"protocol": "http",
											"host": [
												"localhost"
											],
											"port": "3000",
											"path": [
												"api",
												"mzfk_mv_actors"
											]
										}
									},
									"response": []
								}
							]
						},
						{
							"name": "/api/video/likeActor  1",
							"event": [
								{
									"listen": "test",
									"script": {
										"exec": [
											"actorId=pm.collectionVariables.get(\"actor_id\");",
											"console.log(`actorId:`+actorId)",
											"",
											"var data = JSON.parse(responseBody).data;",
											"// var price = data.price[\"thirty_days\"];",
											"var price = data.price.thirty_days;",
											"pm.collectionVariables.set(\"price\", price);",
											"var coin = data.coin;",
											"pm.collectionVariables.set(\"coin\", coin);"
										],
										"type": "text/javascript"
									}
								}
							],
							"request": {
								"method": "POST",
								"header": [],
								"body": {
									"mode": "urlencoded",
									"urlencoded": [
										{
											"key": "actorId",
											"value": "{{actor_id}}",
											"type": "text"
										},
										{
											"key": "type",
											"value": "1",
											"type": "text"
										}
									]
								},
								"url": {
									"raw": "{{protocol}}://{{host}}:{{port}}/api/video/likeActor",
									"protocol": "{{protocol}}",
									"host": [
										"{{host}}"
									],
									"port": "{{port}}",
									"path": [
										"api",
										"video",
										"likeActor"
									]
								}
							},
							"response": []
						},
						{
							"name": "/api/video/likeActor 2",
							"event": [
								{
									"listen": "test",
									"script": {
										"exec": [
											"pm.test(\"得到正确的关注结果\", function () {",
											"    var coin = pm.collectionVariables.get(\"coin\");",
											"    var price = pm.collectionVariables.get(\"price\");",
											"    var code = JSON.parse(responseBody).code;",
											"    if (code == 200)",
											"    {",
											"        pm.collectionVariables.set(\"is_follow\", 1);",
											"    }",
											"    else",
											"    {",
											"        pm.collectionVariables.set(\"is_follow\", 0);",
											"    }",
											"",
											"    if (coin >= price)",
											"    {",
											"        pm.expect(code).to.eql(200);",
											"    }",
											"    else",
											"    {",
											"        pm.expect(code).to.not.eql(200);",
											"    }",
											"});",
											""
										],
										"type": "text/javascript"
									}
								}
							],
							"request": {
								"method": "POST",
								"header": [],
								"body": {
									"mode": "urlencoded",
									"urlencoded": [
										{
											"key": "actorId",
											"value": "{{actor_id}}",
											"type": "text"
										},
										{
											"key": "type",
											"value": "2",
											"type": "text"
										},
										{
											"key": "price",
											"value": "{{price}}",
											"type": "text"
										}
									]
								},
								"url": {
									"raw": "{{protocol}}://{{host}}:{{port}}/api/video/likeActor",
									"protocol": "{{protocol}}",
									"host": [
										"{{host}}"
									],
									"port": "{{port}}",
									"path": [
										"api",
										"video",
										"likeActor"
									]
								}
							},
							"response": []
						},
						{
							"name": "/api/actor/ActorInfo",
							"event": [
								{
									"listen": "test",
									"script": {
										"exec": [
											"var data = JSON.parse(responseBody).data;",
											"// console.log(\"data:\"+data)",
											"if(data.length > 0)",
											"{",
											"   pm.expect(data.is_follow).to.eql(true);",
											"}",
											"",
											""
										],
										"type": "text/javascript"
									}
								}
							],
							"request": {
								"method": "POST",
								"header": [
									{
										"key": "page",
										"value": "1",
										"type": "text"
									},
									{
										"key": "page_size",
										"value": "20",
										"type": "text"
									}
								],
								"body": {
									"mode": "urlencoded",
									"urlencoded": [
										{
											"key": "actor_id",
											"value": "{{actor_id}}",
											"type": "text"
										}
									]
								},
								"url": {
									"raw": "{{protocol}}://{{host}}:{{port}}/api/actor/ActorInfo",
									"protocol": "{{protocol}}",
									"host": [
										"{{host}}"
									],
									"port": "{{port}}",
									"path": [
										"api",
										"actor",
										"ActorInfo"
									]
								}
							},
							"response": []
						}
					]
				},
				{
					"name": "演员订阅后，进入我的关注查看关注演员是否在列表中",
					"item": [
						{
							"name": "前置",
							"item": [
								{
									"name": "/api/Explored/RegisterLogin",
									"event": [
										{
											"listen": "test",
											"script": {
												"exec": [
													"var data = JSON.parse(responseBody).data;",
													"pm.collectionVariables.set(\"accid\", data.accid);",
													"pm.collectionVariables.set(\"token\", data.token);",
													""
												],
												"type": "text/javascript"
											}
										},
										{
											"listen": "prerequest",
											"script": {
												"exec": [
													"uuid = require(\"uuid\");",
													"var Header = require('postman-collection').Header;",
													"pm.request.headers.clear()",
													"pm.collectionVariables.set(\"device-uniq\", uuid.v4());",
													"eval(globals.combineHeader)()",
													"console.log(\"device-uniq:\"+pm.collectionVariables.get(\"device-uniq\"))"
												],
												"type": "text/javascript"
											}
										}
									],
									"request": {
										"method": "POST",
										"header": [],
										"url": {
											"raw": "{{protocol}}://{{host}}:{{port}}/api/Explored/RegisterLogin",
											"protocol": "{{protocol}}",
											"host": [
												"{{host}}"
											],
											"port": "{{port}}",
											"path": [
												"api",
												"Explored",
												"RegisterLogin"
											]
										}
									},
									"response": []
								},
								{
									"name": "随机获取演员id",
									"event": [
										{
											"listen": "test",
											"script": {
												"exec": [
													"var data = JSON.parse(responseBody).data;",
													"console.log(\"data:\"+data)",
													"if(data.length > 0)",
													"{",
													"    random_int = (eval(globals.myRandom)(0,data.length))",
													"    console.log(random_int)",
													"    var actor_id = data[random_int].id;",
													"    pm.collectionVariables.set(\"actor_id\", actor_id);",
													"}",
													"console.log(\"actorId:\"+actor_id)",
													""
												],
												"type": "text/javascript"
											}
										}
									],
									"request": {
										"method": "POST",
										"header": [
											{
												"key": "page",
												"value": "1",
												"type": "text"
											},
											{
												"key": "page_size",
												"value": "20",
												"type": "text"
											}
										],
										"body": {
											"mode": "urlencoded",
											"urlencoded": [
												{
													"key": "page",
													"value": "1",
													"type": "text"
												},
												{
													"key": "pageSize",
													"value": "20",
													"type": "text"
												}
											]
										},
										"url": {
											"raw": "{{protocol}}://{{host}}:{{port}}/api/video/actorsList",
											"protocol": "{{protocol}}",
											"host": [
												"{{host}}"
											],
											"port": "{{port}}",
											"path": [
												"api",
												"video",
												"actorsList"
											]
										}
									},
									"response": []
								}
							]
						},
						{
							"name": "/api/video/likeActor",
							"event": [
								{
									"listen": "test",
									"script": {
										"exec": [
											"actorId=pm.collectionVariables.get(\"actor_id\");",
											"console.log(`actorId:`+actorId)",
											"",
											"var data = JSON.parse(responseBody).data;",
											"// var price = data.price[\"thirty_days\"];",
											"var price = data.price.thirty_days;",
											"// console.log(price)",
											"pm.collectionVariables.set(\"price\", price);",
											"var coin = data.coin;",
											"// console.log(coin)",
											"pm.collectionVariables.set(\"coin\", coin);",
											""
										],
										"type": "text/javascript"
									}
								}
							],
							"request": {
								"method": "POST",
								"header": [],
								"body": {
									"mode": "urlencoded",
									"urlencoded": [
										{
											"key": "actorId",
											"value": "{{actor_id}}",
											"type": "text"
										},
										{
											"key": "type",
											"value": "1",
											"type": "text"
										}
									]
								},
								"url": {
									"raw": "{{protocol}}://{{host}}:{{port}}/api/video/likeActor",
									"protocol": "{{protocol}}",
									"host": [
										"{{host}}"
									],
									"port": "{{port}}",
									"path": [
										"api",
										"video",
										"likeActor"
									]
								}
							},
							"response": []
						},
						{
							"name": "/api/video/likeActor 2",
							"event": [
								{
									"listen": "test",
									"script": {
										"exec": [
											"pm.test(\"得到正确的关注结果\", function () {",
											"    var coin = pm.collectionVariables.get(\"coin\");",
											"    var price = pm.collectionVariables.get(\"price\");",
											"    var code = JSON.parse(responseBody).code;",
											"    if (code == 200)",
											"    {",
											"        pm.collectionVariables.set(\"is_follow\", 1);",
											"    }",
											"    else",
											"    {",
											"        pm.collectionVariables.set(\"is_follow\", 0);",
											"    }",
											"",
											"    if (coin >= price)",
											"    {",
											"        pm.expect(code).to.eql(200);",
											"    }",
											"    else",
											"    {",
											"        pm.expect(code).to.not.eql(200);",
											"    }",
											"});",
											""
										],
										"type": "text/javascript"
									}
								}
							],
							"request": {
								"method": "POST",
								"header": [],
								"body": {
									"mode": "urlencoded",
									"urlencoded": [
										{
											"key": "actorId",
											"value": "{{actor_id}}",
											"type": "text"
										},
										{
											"key": "type",
											"value": "2",
											"type": "text"
										},
										{
											"key": "price",
											"value": "{{price}}",
											"type": "text"
										}
									]
								},
								"url": {
									"raw": "{{protocol}}://{{host}}:{{port}}/api/video/likeActor",
									"protocol": "{{protocol}}",
									"host": [
										"{{host}}"
									],
									"port": "{{port}}",
									"path": [
										"api",
										"video",
										"likeActor"
									]
								}
							},
							"response": []
						},
						{
							"name": "/api/member/myFollow",
							"event": [
								{
									"listen": "test",
									"script": {
										"exec": [
											"var data = JSON.parse(responseBody).data;",
											"console.log(\"data:\"+data)",
											"actorId = pm.collectionVariables.get(\"actor_id\");",
											"// console.log(\"actorId:\"+actorId)",
											"if(data.length>0)",
											"{",
											"    for(var i = 0;i<data.length;i++){",
											"        if(data[i].id == actorId){",
											"            var actual=true;",
											"            break;",
											"        }",
											"     console.log(\"不存在该演员\")",
											"    }",
											"",
											"}",
											"if(i==data.length){",
											"    var actual=false;",
											"}",
											"pm.expect(actual).to.eql(true);"
										],
										"type": "text/javascript"
									}
								}
							],
							"request": {
								"method": "GET",
								"header": [],
								"url": {
									"raw": "{{protocol}}://{{host}}:{{port}}/api/member/myFollow",
									"protocol": "{{protocol}}",
									"host": [
										"{{host}}"
									],
									"port": "{{port}}",
									"path": [
										"api",
										"member",
										"myFollow"
									]
								}
							},
							"response": []
						}
					]
				},
				{
					"name": "其他",
					"item": [
						{
							"name": "/api/Explored/DeviceRegisterOrLogin Copy 2",
							"event": [
								{
									"listen": "test",
									"script": {
										"exec": [
											"var data = JSON.parse(responseBody).data;",
											"pm.collectionVariables.set(\"accid\", data.accid);",
											"pm.collectionVariables.set(\"token\", data.token);",
											""
										],
										"type": "text/javascript"
									}
								},
								{
									"listen": "prerequest",
									"script": {
										"exec": [
											"uuid = require(\"uuid\");",
											"var Header = require('postman-collection').Header;",
											"pm.collectionVariables.set(\"device-uniq\", uuid.v4());",
											"pm.request.headers.add(new Header(\"device-uniq: \" + pm.collectionVariables.get('device-uniq')));",
											"console.log(\"device-uniq:\"+pm.collectionVariables.get(\"device-uniq\"))"
										],
										"type": "text/javascript"
									}
								}
							],
							"request": {
								"method": "POST",
								"header": [],
								"body": {
									"mode": "urlencoded",
									"urlencoded": [
										{
											"key": "channel_id",
											"value": "17",
											"type": "text",
											"disabled": true
										},
										{
											"key": "invite_code",
											"value": "293015",
											"type": "text"
										}
									]
								},
								"url": {
									"raw": "{{protocol}}://{{host}}:{{port}}/api/Explored/DeviceRegisterOrLogin",
									"protocol": "{{protocol}}",
									"host": [
										"{{host}}"
									],
									"port": "{{port}}",
									"path": [
										"api",
										"Explored",
										"DeviceRegisterOrLogin"
									]
								}
							},
							"response": []
						},
						{
							"name": "BindInvitor下级绑定上级邀请码",
							"event": [
								{
									"listen": "test",
									"script": {
										"exec": [
											"var data = JSON.parse(responseBody).data;",
											"pm.collectionVariables.set(\"accid\", data.accid);",
											"pm.collectionVariables.set(\"token\", data.token);",
											""
										],
										"type": "text/javascript"
									}
								},
								{
									"listen": "prerequest",
									"script": {
										"exec": [
											""
										],
										"type": "text/javascript"
									}
								}
							],
							"request": {
								"method": "POST",
								"header": [],
								"body": {
									"mode": "urlencoded",
									"urlencoded": [
										{
											"key": "invite_code",
											"value": "293015",
											"type": "text"
										}
									]
								},
								"url": {
									"raw": "{{protocol}}://{{host}}:{{port}}/api/Member/BindInvitor",
									"protocol": "{{protocol}}",
									"host": [
										"{{host}}"
									],
									"port": "{{port}}",
									"path": [
										"api",
										"Member",
										"BindInvitor"
									]
								}
							},
							"response": []
						},
						{
							"name": "/api/Member/useConvertCode兑换码",
							"request": {
								"method": "POST",
								"header": [],
								"body": {
									"mode": "urlencoded",
									"urlencoded": [
										{
											"key": "convertCode",
											"value": "yuEjcMbswTYD",
											"type": "text"
										}
									]
								},
								"url": {
									"raw": "{{protocol}}://{{host}}:{{port}}/api/Member/useConvertCode",
									"protocol": "{{protocol}}",
									"host": [
										"{{host}}"
									],
									"port": "{{port}}",
									"path": [
										"api",
										"Member",
										"useConvertCode"
									]
								}
							},
							"response": []
						},
						{
							"name": "查看专区全部视频/api/Video/VideoMore",
							"request": {
								"method": "POST",
								"header": [],
								"body": {
									"mode": "urlencoded",
									"urlencoded": []
								},
								"url": {
									"raw": "{{protocol}}://{{host}}:{{port}}/api/Video/VideoMore?tag_id=1681&page=1&page_size=20&tag_type=3",
									"protocol": "{{protocol}}",
									"host": [
										"{{host}}"
									],
									"port": "{{port}}",
									"path": [
										"api",
										"Video",
										"VideoMore"
									],
									"query": [
										{
											"key": "tag_id",
											"value": "1681"
										},
										{
											"key": "page",
											"value": "1"
										},
										{
											"key": "page_size",
											"value": "20"
										},
										{
											"key": "tag_type",
											"value": "3"
										}
									]
								}
							},
							"response": []
						},
						{
							"name": "账号注册及检测/api/account/operateaccount",
							"request": {
								"method": "POST",
								"header": [],
								"body": {
									"mode": "urlencoded",
									"urlencoded": [
										{
											"key": "account",
											"value": "test1234",
											"type": "text"
										},
										{
											"key": "password",
											"value": "9999999",
											"type": "text"
										},
										{
											"key": "type",
											"value": "1",
											"type": "text"
										}
									]
								},
								"url": {
									"raw": "{{protocol}}://{{host}}:{{port}}/api/account/operateaccount",
									"protocol": "{{protocol}}",
									"host": [
										"{{host}}"
									],
									"port": "{{port}}",
									"path": [
										"api",
										"account",
										"operateaccount"
									]
								}
							},
							"response": []
						},
						{
							"name": "FeedBack提交反馈（是否弃用）",
							"request": {
								"method": "POST",
								"header": [],
								"body": {
									"mode": "urlencoded",
									"urlencoded": []
								},
								"url": {
									"raw": "{{protocol}}://{{host}}:{{port}}/api/Member/FeedBack?attach_type&content",
									"protocol": "{{protocol}}",
									"host": [
										"{{host}}"
									],
									"port": "{{port}}",
									"path": [
										"api",
										"Member",
										"FeedBack"
									],
									"query": [
										{
											"key": "attach_type",
											"value": null
										},
										{
											"key": "content",
											"value": null
										}
									]
								}
							},
							"response": []
						},
						{
							"name": "点赞/api/video/CollectVideo",
							"request": {
								"method": "POST",
								"header": [],
								"body": {
									"mode": "urlencoded",
									"urlencoded": [
										{
											"key": "video_id",
											"value": "176025",
											"type": "text"
										}
									]
								},
								"url": {
									"raw": "{{protocol}}://{{host}}:{{port}}/api/video/CollectVideo",
									"protocol": "{{protocol}}",
									"host": [
										"{{host}}"
									],
									"port": "{{port}}",
									"path": [
										"api",
										"video",
										"CollectVideo"
									]
								}
							},
							"response": []
						},
						{
							"name": "视频搜索接口",
							"request": {
								"method": "POST",
								"header": [],
								"body": {
									"mode": "urlencoded",
									"urlencoded": [
										{
											"key": "keyword",
											"value": "视频",
											"type": "text"
										},
										{
											"key": "type",
											"value": "1",
											"type": "text"
										}
									]
								},
								"url": {
									"raw": "{{protocol}}://{{host}}:{{port}}/api/Search/searchForKeyWord",
									"protocol": "{{protocol}}",
									"host": [
										"{{host}}"
									],
									"port": "{{port}}",
									"path": [
										"api",
										"Search",
										"searchForKeyWord"
									]
								}
							},
							"response": []
						},
						{
							"name": "专区视频绑定标签",
							"protocolProfileBehavior": {
								"disableBodyPruning": true
							},
							"request": {
								"method": "GET",
								"header": [],
								"body": {
									"mode": "urlencoded",
									"urlencoded": [
										{
											"key": "keyword",
											"value": "视频",
											"type": "text"
										},
										{
											"key": "type",
											"value": "1",
											"type": "text"
										}
									]
								},
								"url": {
									"raw": "{{protocol}}://{{host}}:{{port}}/api/video/getVideoTags?tag_id=1655&page=1&page_size=20",
									"protocol": "{{protocol}}",
									"host": [
										"{{host}}"
									],
									"port": "{{port}}",
									"path": [
										"api",
										"video",
										"getVideoTags"
									],
									"query": [
										{
											"key": "tag_id",
											"value": "1655"
										},
										{
											"key": "page",
											"value": "1"
										},
										{
											"key": "page_size",
											"value": "20"
										}
									]
								}
							},
							"response": []
						}
					]
				}
			],
			"event": [
				{
					"listen": "prerequest",
					"script": {
						"type": "text/javascript",
						"exec": [
							"var Header = require('postman-collection').Header;",
							"pm.request.headers.clear()",
							"if (pm.request.url.toString().search('/api/Explored/DeviceRegisterOrLogin') != -1)//找到登录url",
							"{",
							"    combineHeader();",
							"}",
							"else",
							"{   ",
							"    var accid = pm.collectionVariables.get(\"accid\");",
							"    var token = pm.collectionVariables.get(\"token\");",
							"    var ts = Math.round(new Date().getTime()/1000);",
							"    var sign = ts + accid + token;",
							"    var md5Sign = CryptoJS.MD5(sign).toString();",
							"    pm.collectionVariables.set(\"sign\", md5Sign);",
							"    pm.collectionVariables.set(\"ts\", ts);",
							"    combineHeader();",
							"    pm.request.headers.add(new Header(\"sign: \" + pm.collectionVariables.get('sign')));",
							"    pm.request.headers.add(new Header(\"ts: \" + pm.collectionVariables.get('ts')));",
							"    pm.request.headers.add(new Header(\"accid: \" + pm.collectionVariables.get('accid')));",
							"",
							"}     ",
							"//产生头部",
							"function combineHeader () {",
							"    pm.request.headers.add(new Header(\"channel: \" + pm.environment.get('channel')));",
							"    pm.request.headers.add(new Header(\"package-name: \" + pm.environment.get('package-name')));",
							"    pm.request.headers.add(new Header(\"app-name: \" + pm.environment.get('app-name')));",
							"    pm.request.headers.add(new Header(\"os: \" + pm.environment.get('os')));",
							"    pm.request.headers.add(new Header(\"version-code: \" + pm.environment.get('version-code')));",
							"    pm.request.headers.add(new Header(\"device-modal: \" + pm.environment.get('device-modal')));",
							"    pm.request.headers.add(new Header(\"content-type: \" + pm.environment.get('content-type')));",
							"    pm.request.headers.add(new Header(\"app-version: \" + pm.environment.get('app-version')));",
							"    pm.request.headers.add(new Header(\"os-version: \" + pm.environment.get('os-version')));",
							"    pm.request.headers.add(new Header(\"api-ver: \" + pm.environment.get('api-ver')));",
							"    pm.request.headers.add(new Header(\"device-uniq: \" + pm.environment.get('device-uniq')));",
							"}",
							"// 产生随机整数，包含下限值，但不包含上限值",
							"function myRandom(lower,upper)",
							"{",
							"    return Math.floor(Math.random()*(upper-lower))+lower",
							"}"
						]
					}
				},
				{
					"listen": "test",
					"script": {
						"type": "text/javascript",
						"exec": [
							"pm.test(\"Status code is 200\", function () {",
							"    pm.response.to.have.status(200);",
							"});"
						]
					}
				}
			]
		}
	],
	"event": [
		{
			"listen": "prerequest",
			"script": {
				"type": "text/javascript",
				"exec": [
					""
				]
			}
		},
		{
			"listen": "test",
			"script": {
				"type": "text/javascript",
				"exec": [
					""
				]
			}
		}
	],
	"variable": [
		{
			"key": "actor_id",
			"value": ""
		},
		{
			"key": "video_id",
			"value": ""
		},
		{
			"key": "price",
			"value": ""
		},
		{
			"key": "coin",
			"value": ""
		},
		{
			"key": "is_follow",
			"value": ""
		},
		{
			"key": "sign",
			"value": ""
		},
		{
			"key": "ts",
			"value": ""
		},
		{
			"key": "accid",
			"value": ""
		},
		{
			"key": "token",
			"value": ""
		},
		{
			"key": "device-uniq",
			"value": ""
		},
		{
			"key": "member_id",
			"value": ""
		}
	]
}