{
	"info": {
		"_postman_id": "859e415e-4594-4917-8baf-bf811af08ae1",
		"name": "支付测试",
		"schema": "https://schema.getpostman.com/json/collection/v2.1.0/collection.json"
	},
	"item": [
		{
			"name": "DeviceRegisterOrLogin登录",
			"event": [
				{
					"listen": "test",
					"script": {
						"exec": [
							"var res = JSON.parse(responseBody);",
							"const code = res.code;",
							"",
							"if (code == 200)",
							"{",
							"    var data = JSON.parse(responseBody).data;",
							"    pm.collectionVariables.set(\"accid\", data.accid);",
							"    pm.collectionVariables.set(\"token\", data.token);",
							"    console.log(\"accid:\"+data.accid)",
							"    console.log(\"token:\"+data.token)",
							"}",
							"",
							"",
							"",
							""
						],
						"type": "text/javascript"
					}
				},
				{
					"listen": "prerequest",
					"script": {
						"exec": [
							""
						],
						"type": "text/javascript"
					}
				}
			],
			"request": {
				"method": "POST",
				"header": [],
				"body": {
					"mode": "urlencoded",
					"urlencoded": [
						{
							"key": "channel_id",
							"value": "19",
							"type": "text"
						}
					]
				},
				"url": {
					"raw": "{{protocol}}://{{host}}/api/Explored/RegisterLogin",
					"protocol": "{{protocol}}",
					"host": [
						"{{host}}"
					],
					"path": [
						"api",
						"Explored",
						"RegisterLogin"
					]
				}
			},
			"response": []
		},
		{
			"name": "根据accid获取member_id",
			"event": [
				{
					"listen": "test",
					"script": {
						"exec": [
							"var data = JSON.parse(responseBody);",
							"var data_len = data.length",
							"if(data_len > 0)",
							"{",
							"    for(var i =0;i< data_len;i++)",
							"    {",
							"        var accid_list = data[i].accid",
							"        console.log(\"\"+accid_list)",
							"        var accid =pm.collectionVariables.get(\"accid\")",
							"        console.log(\"\"+accid)",
							"        if(accid_list == accid){",
							"            pm.collectionVariables.set(\"member_id\", data[i].id);",
							"            var vip_level = data[i].vip_level",
							"            var vip_expired = vip_expired",
							"            var current_time = Math.round(new Date().getTime() / 1000)",
							"            if(vip_level>1 && (vip_expired>current_time)){",
							"                var member_is_vip = 1",
							"            }",
							"            else",
							"            {",
							"                var member_is_vip = 0 ",
							"            }",
							"              pm.collectionVariables.set(\"member_is_vip\", member_is_vip); ",
							"              pm.collectionVariables.set(\"member_own_coin\",data[i].coin); ",
							"        }",
							"        break;",
							"    }",
							"}",
							"else",
							"{",
							"    console.log(\"failure\")",
							"}"
						],
						"type": "text/javascript"
					}
				}
			],
			"request": {
				"method": "GET",
				"header": [],
				"url": {
					"raw": "http://localhost:3000/api/mzfk_member?_where=(accid,eq,{{accid}})",
					"protocol": "http",
					"host": [
						"localhost"
					],
					"port": "3000",
					"path": [
						"api",
						"mzfk_member"
					],
					"query": [
						{
							"key": "_where",
							"value": "(accid,eq,{{accid}})"
						}
					]
				}
			},
			"response": []
		},
		{
			"name": "GetMemberShipProducts获取会员产品信息",
			"event": [
				{
					"listen": "test",
					"script": {
						"exec": [
							"var data = JSON.parse(responseBody).data;",
							"console.log(\"data:\"+data)",
							"if(data.length > 0)",
							"{",
							"    random_int = (eval(globals.myRandom)(0,data.length))",
							"    console.log(random_int)",
							"    var product_id = data[random_int].id;",
							"    pm.collectionVariables.set(\"product_id\", product_id);",
							"    console.log(\"product_id:\"+product_id)",
							"    var discount_price = data[random_int].discount_price;",
							"    pm.collectionVariables.set(\"discount_price\", discount_price);",
							"    console.log(\"discount_price:\"+discount_price)",
							"}",
							"// console.log(\"discount_price:\"+discount_price)"
						],
						"type": "text/javascript"
					}
				}
			],
			"request": {
				"method": "POST",
				"header": [
					{
						"key": "type",
						"value": "1",
						"type": "text"
					}
				],
				"body": {
					"mode": "urlencoded",
					"urlencoded": [
						{
							"key": "type",
							"value": "1",
							"type": "text"
						}
					]
				},
				"url": {
					"raw": "{{protocol}}://{{host}}/api/Payment/GetMemberShipProducts",
					"protocol": "{{protocol}}",
					"host": [
						"{{host}}"
					],
					"path": [
						"api",
						"Payment",
						"GetMemberShipProducts"
					]
				}
			},
			"response": []
		},
		{
			"name": "CoinCenter获取金币产品信息",
			"event": [
				{
					"listen": "test",
					"script": {
						"exec": [
							"var data = JSON.parse(responseBody).data.product;",
							"console.log(\"data:\"+data)",
							"if(data.length > 0)",
							"{",
							"    random_int = (eval(globals.myRandom)(0,data.length))",
							"    console.log(random_int)",
							"    var product_id = data[random_int].id;",
							"    pm.collectionVariables.set(\"product_id\", product_id);",
							"    console.log(\"product_id:\"+product_id)",
							"    var discount_price = data[random_int].discount_price;",
							"    pm.collectionVariables.set(\"discount_price\", discount_price);",
							"    console.log(\"discount_price:\"+discount_price)",
							"}",
							"// console.log(\"discount_price:\"+discount_price)"
						],
						"type": "text/javascript"
					}
				}
			],
			"request": {
				"method": "POST",
				"header": [
					{
						"key": "type",
						"value": "1",
						"type": "text"
					}
				],
				"body": {
					"mode": "urlencoded",
					"urlencoded": []
				},
				"url": {
					"raw": "{{protocol}}://{{host}}/api/Member/CoinCenter",
					"protocol": "{{protocol}}",
					"host": [
						"{{host}}"
					],
					"path": [
						"api",
						"Member",
						"CoinCenter"
					]
				}
			},
			"response": []
		},
		{
			"name": "GetPaymentList支付渠道列表",
			"event": [
				{
					"listen": "test",
					"script": {
						"exec": [
							"pm.test(\"Status code is 200\", function () {",
							"    pm.response.to.have.status(200);",
							"});",
							"",
							"var data =JSON.parse(responseBody).data;",
							"pm.expect(data.length).to.gte(1);"
						],
						"type": "text/javascript"
					}
				}
			],
			"request": {
				"method": "POST",
				"header": [],
				"url": {
					"raw": "{{protocol}}://{{host}}/api/Payment/GetPaymentList",
					"protocol": "{{protocol}}",
					"host": [
						"{{host}}"
					],
					"path": [
						"api",
						"Payment",
						"GetPaymentList"
					]
				}
			},
			"response": []
		},
		{
			"name": "查询支付渠道对应的回调地址，商户号,秘钥，抽成比例",
			"event": [
				{
					"listen": "test",
					"script": {
						"exec": [
							"var data = JSON.parse(responseBody);",
							"var data_len = data.length",
							"if(data_len > 0)",
							"{",
							"    for(var i =0;i< data_len;i++)",
							"    {",
							"        var id = data[i].id",
							"        var payment_channel_id =pm.collectionVariables.get(\"payment_channel_id\")",
							"        console.log(\"payment_channel_id:\"+payment_channel_id)",
							"        if(id == payment_channel_id){",
							"            name = data[i].channel_ename",
							"            console.log(\"channel_ename:\"+ name)",
							"            pm.collectionVariables.set(\"callback_url\", data[i].callback_url);",
							"            console.log(name+\"_callback_url:\"+data[i].callback_url)",
							"            pm.collectionVariables.set(\"secret\", data[i].private_key);",
							"            console.log(name+\"_secret:\"+data[i].private_key)",
							"            pm.collectionVariables.set(\"merchant_id\", data[i].login_account);",
							"            console.log(name+\"_merchant_id:\"+data[i].login_account)",
							"            discount_price=pm.collectionVariables.get(\"discount_price\")",
							"            console.log(\"discount_price:\"+discount_price)",
							"            pm.collectionVariables.set(\"royalty_rate\", data[i].royalty_rate);",
							"            console.log(name+\"_royalty_rate:\"+data[i].royalty_rate);",
							"            var amount =(1- (data[i].royalty_rate)/100) * discount_price",
							"            console.log(\"amount:\"+amount)",
							"            pm.collectionVariables.set(\"amount\", amount);",
							"        }",
							"        break;",
							"    }",
							"    // var order_no = data[0].order_no;",
							"    // pm.collectionVariables.set(\"order_no\", order_no);",
							"}"
						],
						"type": "text/javascript"
					}
				}
			],
			"request": {
				"method": "GET",
				"header": [],
				"url": {
					"raw": "http://localhost:3000/api/mzfk_payment_channel?_where=(id,eq,{{payment_channel_id}})",
					"protocol": "http",
					"host": [
						"localhost"
					],
					"port": "3000",
					"path": [
						"api",
						"mzfk_payment_channel"
					],
					"query": [
						{
							"key": "_where",
							"value": "(id,eq,{{payment_channel_id}})"
						}
					]
				}
			},
			"response": []
		},
		{
			"name": "PayMemberShip支付",
			"event": [
				{
					"listen": "test",
					"script": {
						"exec": [
							"var data = JSON.parse(responseBody).data;",
							"pm.test(\"url should not be null\", function () {",
							"    pm.expect(data.url).to.not.eql(\"\");",
							"});"
						],
						"type": "text/javascript"
					}
				}
			],
			"request": {
				"method": "POST",
				"header": [],
				"body": {
					"mode": "urlencoded",
					"urlencoded": [
						{
							"key": "product_id",
							"value": "{{product_id}}",
							"type": "text"
						},
						{
							"key": "payment_channel_id",
							"value": "{{payment_channel_id}}",
							"type": "text"
						},
						{
							"key": "type",
							"value": "1",
							"type": "text"
						}
					]
				},
				"url": {
					"raw": "{{protocol}}://{{host}}/api/Payment/PayMemberShip",
					"protocol": "{{protocol}}",
					"host": [
						"{{host}}"
					],
					"path": [
						"api",
						"Payment",
						"PayMemberShip"
					]
				}
			},
			"response": []
		},
		{
			"name": "/api/video/feeVideos获取金币付费视频",
			"event": [
				{
					"listen": "test",
					"script": {
						"exec": [
							"var data = JSON.parse(responseBody).data;",
							"if(data.length > 0)",
							"{   ",
							"    random_int = (eval(globals.myRandom)(0,data.length))",
							"    var video_coin_price = data[random_int].video_coin_price",
							"    var actor_id = data[random_int].actor_id;",
							"    var video_id = data[random_int].id;",
							"    pm.collectionVariables.set(\"actor_id\", actor_id);",
							"    pm.collectionVariables.set(\"video_id\", video_id);",
							"    pm.collectionVariables.set(\"video_coin_price\", video_coin_price)",
							"}",
							"else{",
							"    console.log(\"未找到金币付费视频\")",
							"}"
						],
						"type": "text/javascript"
					}
				}
			],
			"request": {
				"method": "POST",
				"header": [
					{
						"key": "page",
						"value": "1",
						"type": "text"
					},
					{
						"key": "page_size",
						"value": "20",
						"type": "text"
					}
				],
				"body": {
					"mode": "urlencoded",
					"urlencoded": [
						{
							"key": "page",
							"value": "1",
							"type": "text"
						},
						{
							"key": "page_size",
							"value": "20",
							"type": "text"
						},
						{
							"key": "fee_state",
							"value": "4",
							"type": "text"
						}
					]
				},
				"url": {
					"raw": "{{protocol}}://{{host}}/api/video/feeVideos",
					"protocol": "{{protocol}}",
					"host": [
						"{{host}}"
					],
					"path": [
						"api",
						"video",
						"feeVideos"
					]
				}
			},
			"response": []
		},
		{
			"name": "/api/Video/VideoWatchPrepare观影前准备",
			"event": [
				{
					"listen": "test",
					"script": {
						"exec": [
							"var data = JSON.parse(responseBody).data;",
							"pm.collectionVariables.set(\"video_bus_code\",data.bus_code)"
						],
						"type": "text/javascript"
					}
				}
			],
			"request": {
				"method": "POST",
				"header": [
					{
						"key": "page",
						"value": "1",
						"type": "text"
					},
					{
						"key": "page_size",
						"value": "20",
						"type": "text"
					}
				],
				"body": {
					"mode": "urlencoded",
					"urlencoded": [
						{
							"key": "video_id",
							"value": "{{video_id}}",
							"type": "text"
						}
					]
				},
				"url": {
					"raw": "{{protocol}}://{{host}}/api/Video/WatchPrepare",
					"protocol": "{{protocol}}",
					"host": [
						"{{host}}"
					],
					"path": [
						"api",
						"Video",
						"WatchPrepare"
					]
				}
			},
			"response": []
		},
		{
			"name": "/api/video/GetVideoDetails获取视频详情（单）",
			"event": [
				{
					"listen": "test",
					"script": {
						"exec": [
							""
						],
						"type": "text/javascript"
					}
				}
			],
			"request": {
				"method": "POST",
				"header": [
					{
						"key": "page",
						"value": "1",
						"type": "text"
					},
					{
						"key": "page_size",
						"value": "20",
						"type": "text"
					}
				],
				"body": {
					"mode": "urlencoded",
					"urlencoded": [
						{
							"key": "video_id",
							"value": "{{video_id}}",
							"type": "text"
						}
					]
				},
				"url": {
					"raw": "{{protocol}}://{{host}}/api/video/GetVideoDetails",
					"protocol": "{{protocol}}",
					"host": [
						"{{host}}"
					],
					"path": [
						"api",
						"video",
						"GetVideoDetails"
					]
				}
			},
			"response": []
		},
		{
			"name": "CoinbuyVideo金币付费视频--准备购买",
			"event": [
				{
					"listen": "test",
					"script": {
						"exec": [
							"var data = JSON.parse(responseBody).data;",
							"pm.test(\"status should be 1\", function () {",
							"    pm.expect(data.status).to.eql(1);",
							"});",
							"video_bus_code = pm.collectionVariables.get(\"video_bus_code\")",
							"video_own_coin = pm.collectionVariables.get(\"video_own_coin\")",
							"if(video_bus_code == 8){",
							"    console.log(\"需要金币购买视频才能观看\")",
							"    if(video_own_coin < data.price){",
							"        console.log(\"金币不足，不能购买\")",
							"    }",
							"    else{",
							"        console.log(\"可以正常购买\")",
							"    }",
							"    ",
							"}",
							"else if(video_bus_code == 13){",
							"        console.log(\"已金币购买，无需再次购买，能正常观看\")",
							"}"
						],
						"type": "text/javascript"
					}
				}
			],
			"request": {
				"method": "POST",
				"header": [],
				"body": {
					"mode": "urlencoded",
					"urlencoded": [
						{
							"key": "videoId",
							"value": "{{video_id}}",
							"type": "text"
						},
						{
							"key": "type",
							"value": "1",
							"type": "text"
						}
					]
				},
				"url": {
					"raw": "{{protocol}}://{{host}}/api/Payment/CoinbuyVideo",
					"protocol": "{{protocol}}",
					"host": [
						"{{host}}"
					],
					"path": [
						"api",
						"Payment",
						"CoinbuyVideo"
					]
				}
			},
			"response": []
		},
		{
			"name": "CoinbuyVideo金币付费视频--确认购买",
			"event": [
				{
					"listen": "test",
					"script": {
						"exec": [
							""
						],
						"type": "text/javascript"
					}
				}
			],
			"request": {
				"method": "POST",
				"header": [],
				"body": {
					"mode": "urlencoded",
					"urlencoded": [
						{
							"key": "videoId",
							"value": "{{video_id}}",
							"type": "text"
						},
						{
							"key": "type",
							"value": "2",
							"type": "text"
						}
					]
				},
				"url": {
					"raw": "{{protocol}}://{{host}}/api/Payment/CoinbuyVideo",
					"protocol": "{{protocol}}",
					"host": [
						"{{host}}"
					],
					"path": [
						"api",
						"Payment",
						"CoinbuyVideo"
					]
				}
			},
			"response": []
		},
		{
			"name": "获取生成的订单号",
			"event": [
				{
					"listen": "test",
					"script": {
						"exec": [
							"var data = JSON.parse(responseBody);",
							"console.log(\"data:\"+data)",
							"if(data.length > 0)",
							"{",
							"    var order_no = data[0].order_no;",
							"    pm.collectionVariables.set(\"order_no\", order_no);",
							"}"
						],
						"type": "text/javascript"
					}
				},
				{
					"listen": "prerequest",
					"script": {
						"exec": [
							"var member_id = pm.collectionVariables.get(\"member_id\", member_id);",
							"console.log(\"member_id:\"+member_id)"
						],
						"type": "text/javascript"
					}
				}
			],
			"request": {
				"method": "GET",
				"header": [],
				"url": {
					"raw": "http://localhost:3000/api/mzfk_member_order?_where=(member_id,eq,{{member_id}})&_sort=-id",
					"protocol": "http",
					"host": [
						"localhost"
					],
					"port": "3000",
					"path": [
						"api",
						"mzfk_member_order"
					],
					"query": [
						{
							"key": "_where",
							"value": "(member_id,eq,{{member_id}})"
						},
						{
							"key": "_sort",
							"value": "-id"
						}
					]
				}
			},
			"response": []
		},
		{
			"name": "中联支付回调api/Notify/WaiMeiPayback(3,4)",
			"event": [
				{
					"listen": "prerequest",
					"script": {
						"exec": [
							"//获取当前时间",
							"var moment = require(\"moment\")",
							"var datetime = moment().format(\"YYYY-MM-DD HH:mm:ss\")",
							"console.log(datetime)",
							"pm.collectionVariables.set(\"datetime\",datetime)",
							"",
							"//获取waimei_sign_callback",
							"amount = pm.collectionVariables.get(\"amount\")",
							"memberid = pm.collectionVariables.get(\"merchant_id\")",
							"console.log(''+memberid)",
							"orderid = pm.collectionVariables.get(\"order_no\")",
							"console.log(\"order_no:\"+orderid)",
							"key = pm.collectionVariables.get(\"secret\")",
							"console.log(\"\"+key)",
							"tmp = \"amount=\"+amount",
							"      +\"&datetime=\"+datetime",
							"      +\"&memberid=\"+memberid",
							"      +\"&orderid=\"+orderid",
							"      +\"&returncode=00\"",
							"      +\"&transaction_id=\"+orderid",
							"      +\"&key=\"+key",
							"      console.log(''+tmp)",
							"var md5Sign = CryptoJS.MD5(tmp).toString().toUpperCase();",
							"console.log(''+md5Sign)",
							"pm.collectionVariables.set(\"waimei_sign_callback\", md5Sign);"
						],
						"type": "text/javascript"
					}
				},
				{
					"listen": "test",
					"script": {
						"exec": [
							"pm.test(\"Body matches string\", function () {",
							"    pm.expect(pm.response.text()).to.include(\"OK\");",
							"});"
						],
						"type": "text/javascript"
					}
				}
			],
			"protocolProfileBehavior": {
				"disabledSystemHeaders": {}
			},
			"request": {
				"method": "POST",
				"header": [],
				"body": {
					"mode": "raw",
					"raw": "",
					"options": {
						"raw": {
							"language": "json"
						}
					}
				},
				"url": {
					"raw": "{{protocol}}://{{host}}/api/Notify/WaiMeiPayback?amount={{amount}}&datetime={{datetime}}&memberid={{merchant_id}}&orderid={{order_no}}&returncode=00&transaction_id={{order_no}}&sign={{waimei_sign_callback}}",
					"protocol": "{{protocol}}",
					"host": [
						"{{host}}"
					],
					"path": [
						"api",
						"Notify",
						"WaiMeiPayback"
					],
					"query": [
						{
							"key": "amount",
							"value": "{{amount}}"
						},
						{
							"key": "datetime",
							"value": "{{datetime}}"
						},
						{
							"key": "memberid",
							"value": "{{merchant_id}}"
						},
						{
							"key": "orderid",
							"value": "{{order_no}}"
						},
						{
							"key": "returncode",
							"value": "00"
						},
						{
							"key": "transaction_id",
							"value": "{{order_no}}"
						},
						{
							"key": "sign",
							"value": "{{waimei_sign_callback}}"
						}
					]
				}
			},
			"response": []
		},
		{
			"name": "YK支付回调/api/Notify/YKPayCallback（5,6）",
			"event": [
				{
					"listen": "prerequest",
					"script": {
						"exec": [
							"    var secret = pm.collectionVariables.get(\"secret\");",
							"    var order_no = pm.collectionVariables.get(\"order_no\");",
							"    console.log(\"order_no:\"+order_no)",
							"    var merchant_id = pm.collectionVariables.get(\"merchant_id\");",
							"    var discount_price = pm.collectionVariables.get(\"discount_price\");",
							"    var callback_url = pm.collectionVariables.get(\"callback_url\")",
							"    var tmp = secret + order_no + merchant_id+discount_price+callback_url;",
							"    console.log(\"tmp:\"+secret +\"~~\"+ order_no +\"~~\"+ merchant_id+\"~~\"+discount_price+\"~~\"+callback_url)",
							"    var md5Sign = CryptoJS.MD5(tmp).toString().toLowerCase();",
							"    console.log(\"\"+md5Sign)",
							"    pm.collectionVariables.set(\"yk_sign_callback\", md5Sign);"
						],
						"type": "text/javascript"
					}
				},
				{
					"listen": "test",
					"script": {
						"exec": [
							"pm.test(\"Body matches string\", function () {",
							"    pm.expect(pm.response.text()).to.include(\"success\");",
							"});"
						],
						"type": "text/javascript"
					}
				}
			],
			"protocolProfileBehavior": {
				"disabledSystemHeaders": {}
			},
			"request": {
				"method": "POST",
				"header": [],
				"body": {
					"mode": "raw",
					"raw": "{\"orderNo\": \"{{order_no}}\",\"ownOrderNo\": \"{{order_no}}\",\"status\": \"1\",\"amount\": \"{{discount_price}}\",\"sign\": \"{{yk_sign_callback}}\"}",
					"options": {
						"raw": {
							"language": "json"
						}
					}
				},
				"url": {
					"raw": "{{protocol}}://{{host}}/api/Notify/YKPayCallback",
					"protocol": "{{protocol}}",
					"host": [
						"{{host}}"
					],
					"path": [
						"api",
						"Notify",
						"YKPayCallback"
					]
				}
			},
			"response": []
		},
		{
			"name": "金币中心明细",
			"event": [
				{
					"listen": "test",
					"script": {
						"exec": [
							""
						],
						"type": "text/javascript"
					}
				}
			],
			"request": {
				"method": "POST",
				"header": [],
				"body": {
					"mode": "urlencoded",
					"urlencoded": [
						{
							"key": "page",
							"value": "1",
							"type": "text"
						},
						{
							"key": "page_size",
							"value": "20",
							"type": "text"
						}
					]
				},
				"url": {
					"raw": "{{protocol}}://{{host}}/api/Member/RechargeCoinRecord",
					"protocol": "{{protocol}}",
					"host": [
						"{{host}}"
					],
					"path": [
						"api",
						"Member",
						"RechargeCoinRecord"
					]
				}
			},
			"response": []
		}
	],
	"event": [
		{
			"listen": "prerequest",
			"script": {
				"type": "text/javascript",
				"exec": [
					"var Header = require('postman-collection').Header;",
					"pm.request.headers.clear()",
					"if (pm.request.url.toString().search(\"Notify\") != -1)//找到回调url",
					"{",
					"    // 传头部",
					"    pm.request.headers.add(new Header(\"Content-Type: application/json\"));",
					"",
					"}",
					"else {",
					"    if (pm.request.url.toString().search('/api/Explored/DeviceRegisterOrLogin') != -1)//找到登录url",
					"    {",
					"        combineHeader();",
					"    }",
					"    else {",
					"        var accid = pm.collectionVariables.get(\"accid\");",
					"        var token = pm.collectionVariables.get(\"token\");",
					"        var ts = Math.round(new Date().getTime() / 1000);",
					"        var sign = ts + accid + token;",
					"        var md5Sign = CryptoJS.MD5(sign).toString();",
					"        pm.collectionVariables.set(\"sign\", md5Sign);",
					"        pm.collectionVariables.set(\"ts\", ts);",
					"        combineHeader();",
					"        pm.request.headers.add(new Header(\"sign: \" + pm.collectionVariables.get('sign')));",
					"        pm.request.headers.add(new Header(\"ts: \" + pm.collectionVariables.get('ts')));",
					"        pm.request.headers.add(new Header(\"accid: \" + pm.collectionVariables.get('accid')));",
					"",
					"    }",
					"}",
					"//产生头部",
					"function combineHeader() {",
					"    pm.request.headers.add(new Header(\"channel: \" + pm.environment.get('channel')));",
					"    pm.request.headers.add(new Header(\"package-name: \" + pm.environment.get('package-name')));",
					"    pm.request.headers.add(new Header(\"app-name: \" + pm.environment.get('app-name')));",
					"    pm.request.headers.add(new Header(\"os: \" + pm.environment.get('os')));",
					"    pm.request.headers.add(new Header(\"version-code: \" + pm.environment.get('version-code')));",
					"    pm.request.headers.add(new Header(\"device-modal: \" + pm.environment.get('device-modal')));",
					"    pm.request.headers.add(new Header(\"content-type: \" + pm.environment.get('content-type')));",
					"    pm.request.headers.add(new Header(\"app-version: \" + pm.environment.get('app-version')));",
					"    pm.request.headers.add(new Header(\"os-version: \" + pm.environment.get('os-version')));",
					"    pm.request.headers.add(new Header(\"api-ver: \" + pm.environment.get('api-ver')));",
					"    pm.request.headers.add(new Header(\"device-uniq: \" + pm.environment.get('device-uniq')));",
					"}",
					"// 产生随机整数，包含下限值，但不包含上限值",
					"function initFunc(funcName, func) {",
					"    postman.setGlobalVariable(funcName, \"(function(){return \" + func + \";})()\");",
					"}",
					"var myRandom = function(lower, upper) {",
					"    return Math.floor(Math.random() * (upper - lower)) + lower",
					"}",
					"initFunc(\"myRandom\",myRandom)"
				]
			}
		},
		{
			"listen": "test",
			"script": {
				"type": "text/javascript",
				"exec": [
					"pm.test(\"Status code is 200\", function () {",
					"    pm.response.to.have.status(200);",
					"});"
				]
			}
		}
	],
	"variable": [
		{
			"key": "payment_channel_id",
			"value": ""
		},
		{
			"key": "accid",
			"value": ""
		},
		{
			"key": "token",
			"value": ""
		},
		{
			"key": "sign",
			"value": ""
		},
		{
			"key": "ts",
			"value": ""
		},
		{
			"key": "member_id",
			"value": ""
		},
		{
			"key": "product_id",
			"value": ""
		},
		{
			"key": "discount_price",
			"value": ""
		},
		{
			"key": "callback_url",
			"value": ""
		},
		{
			"key": "secret",
			"value": ""
		},
		{
			"key": "merchant_id",
			"value": ""
		},
		{
			"key": "royalty_rate",
			"value": ""
		},
		{
			"key": "amount",
			"value": ""
		},
		{
			"key": "order_no",
			"value": ""
		},
		{
			"key": "yk_sign_callback",
			"value": ""
		},
		{
			"key": "datetime",
			"value": ""
		},
		{
			"key": "waimei_sign_callback",
			"value": ""
		},
		{
			"key": "actor_id",
			"value": ""
		},
		{
			"key": "video_id",
			"value": ""
		},
		{
			"key": "video_coin_price",
			"value": ""
		},
		{
			"key": "member_is_vip",
			"value": ""
		},
		{
			"key": "member_own_coin",
			"value": ""
		},
		{
			"key": "video_bus_code",
			"value": ""
		}
	]
}